contactName,contactEmail,contactCompany
Ready Player One,rp1@companyOne.com,Company One
Ready Player Two,rp2@companyOne.com,Company One
Ready Player Three,rp3@companyOne.com,Company One
Ready Player Four,rp4@companyTwo.com,Company Two
Ready Player Five,rp5@companyTwo.com,Company Two
Ready Player Six,rp6@companyTwo.com,Company Two
Ready Player Seven,rp7@companyThree.com,Company Three
Ready Player Eight,rp8@companyFour.com,Company Four
Ready Player Nine,rp9@companyFour.com,Company Four
Ready Player Ten,rp10@companyFour.com,Company Four
Ready Player Eleven,rp11@testCompany.com,Test Company
Ready Player Twelve,rp12@testCompany.com,Test Company
Ready Player Thirteen,rp13@testCompany.com,Test Company
Ready Player Fourteen,rp14@foodnetwork.com,Food Network
Ready Player fifteen,rp15@foodnetwork.com,Food Network
"Doge, P. Hamell",dph1@foodnetwork.com,Food Network
Ready Player Sixteen,rp16@goodeats.com,Good Eats
Ready Player Seventeen,rp17@neat.com,Neat
Ready Player 18,rp18@neat.com,Neat
"Carter, John P.",jc11@neat.com,Neat
"Vance, Jackson C.",vj88@johnsonedwards.com,Johnson & Edwards
Ready Player 19,rp19@jazz.com,Jazz
Ready Player 20,rp20@jazz.com,Jazz
Ready Player 21,rp21@jazz.com,Jazz
Ready Player 22,rp22@forever.com,Forever
Ready Player 23,rp23@forever.com,Forever
Ready Player 24,rp24@chinatown.com,China Town
Ready Player 25,rp25@chinatown.com,China Town
Ready Player 26,rp26@chinatown.com,China Town
Ready Player 27,rp27@chinatown.com,China Town
Ready Player 28,rp28@vera.com,Vera
Ready Player 29,rp29@vera.com,Vera
